?series	?series_label	?start_time	?end_time	?cast_member	?cast_label
<http://www.wikidata.org/entity/Q380519>	"Star Trek: Enterprise"@en	"2001-09-26T00:00:00Z"^^<http://www.w3.org/2001/XMLSchema#dateTime>	"2005-05-13T00:00:00Z"^^<http://www.w3.org/2001/XMLSchema#dateTime>	<http://www.wikidata.org/entity/Q311699>	"Scott Bakula"@en
<http://www.wikidata.org/entity/Q380519>	"Star Trek: Enterprise"@en	"2001-09-26T00:00:00Z"^^<http://www.w3.org/2001/XMLSchema#dateTime>	"2005-05-13T00:00:00Z"^^<http://www.w3.org/2001/XMLSchema#dateTime>	<http://www.wikidata.org/entity/Q234466>	"Jolene Blalock"@en
<http://www.wikidata.org/entity/Q380519>	"Star Trek: Enterprise"@en	"2001-09-26T00:00:00Z"^^<http://www.w3.org/2001/XMLSchema#dateTime>	"2005-05-13T00:00:00Z"^^<http://www.w3.org/2001/XMLSchema#dateTime>	<http://www.wikidata.org/entity/Q241873>	"Linda Park"@en
<http://www.wikidata.org/entity/Q16290>	"Star Trek: The Next Generation"@en	"1987-09-28T00:00:00Z"^^<http://www.w3.org/2001/XMLSchema#dateTime>	"1994-05-23T00:00:00Z"^^<http://www.w3.org/2001/XMLSchema#dateTime>	<http://www.wikidata.org/entity/Q16296>	"Patrick Stewart"@en
<http://www.wikidata.org/entity/Q1077>	"Star Trek: The Original Series"@en	"1966-09-08T00:00:00Z"^^<http://www.w3.org/2001/XMLSchema#dateTime>	"1969-09-02T00:00:00Z"^^<http://www.w3.org/2001/XMLSchema#dateTime>	<http://www.wikidata.org/entity/Q16297>	"William Shatner"@en
<http://www.wikidata.org/entity/Q156329>	"Star Trek: Voyager"@en	"1995-01-16T00:00:00Z"^^<http://www.w3.org/2001/XMLSchema#dateTime>	"2001-05-23T00:00:00Z"^^<http://www.w3.org/2001/XMLSchema#dateTime>	<http://www.wikidata.org/entity/Q10738>	"Dwayne Johnson"@en
<http://www.wikidata.org/entity/Q156329>	"Star Trek: Voyager"@en	"1995-01-16T00:00:00Z"^^<http://www.w3.org/2001/XMLSchema#dateTime>	"2001-05-23T00:00:00Z"^^<http://www.w3.org/2001/XMLSchema#dateTime>	<http://www.wikidata.org/entity/Q442453>	"Scarlett Pomers"@en
<http://www.wikidata.org/entity/Q156329>	"Star Trek: Voyager"@en	"1995-01-16T00:00:00Z"^^<http://www.w3.org/2001/XMLSchema#dateTime>	"2001-05-23T00:00:00Z"^^<http://www.w3.org/2001/XMLSchema#dateTime>	<http://www.wikidata.org/entity/Q452232>	"Tim Russ"@en
<http://www.wikidata.org/entity/Q156329>	"Star Trek: Voyager"@en	"1995-01-16T00:00:00Z"^^<http://www.w3.org/2001/XMLSchema#dateTime>	"2001-05-23T00:00:00Z"^^<http://www.w3.org/2001/XMLSchema#dateTime>	<http://www.wikidata.org/entity/Q445253>	"David Graf"@en
<http://www.wikidata.org/entity/Q156329>	"Star Trek: Voyager"@en	"1995-01-16T00:00:00Z"^^<http://www.w3.org/2001/XMLSchema#dateTime>	"2001-05-23T00:00:00Z"^^<http://www.w3.org/2001/XMLSchema#dateTime>	<http://www.wikidata.org/entity/Q367549>	"Robert Beltran"@en
<http://www.wikidata.org/entity/Q156329>	"Star Trek: Voyager"@en	"1995-01-16T00:00:00Z"^^<http://www.w3.org/2001/XMLSchema#dateTime>	"2001-05-23T00:00:00Z"^^<http://www.w3.org/2001/XMLSchema#dateTime>	<http://www.wikidata.org/entity/Q435475>	"Ethan Phillips"@en
<http://www.wikidata.org/entity/Q156329>	"Star Trek: Voyager"@en	"1995-01-16T00:00:00Z"^^<http://www.w3.org/2001/XMLSchema#dateTime>	"2001-05-23T00:00:00Z"^^<http://www.w3.org/2001/XMLSchema#dateTime>	<http://www.wikidata.org/entity/Q437693>	"Titus Welliver"@en
<http://www.wikidata.org/entity/Q1077>	"Star Trek: The Original Series"@en	"1966-09-08T00:00:00Z"^^<http://www.w3.org/2001/XMLSchema#dateTime>	"1969-09-02T00:00:00Z"^^<http://www.w3.org/2001/XMLSchema#dateTime>	<http://www.wikidata.org/entity/Q110154>	"George Takei"@en
<http://www.wikidata.org/entity/Q156329>	"Star Trek: Voyager"@en	"1995-01-16T00:00:00Z"^^<http://www.w3.org/2001/XMLSchema#dateTime>	"2001-05-23T00:00:00Z"^^<http://www.w3.org/2001/XMLSchema#dateTime>	<http://www.wikidata.org/entity/Q57464>	"Abdullah II of Jordan"@en
<http://www.wikidata.org/entity/Q108774>	"Star Trek: Deep Space Nine"@en	"1993-01-03T00:00:00Z"^^<http://www.w3.org/2001/XMLSchema#dateTime>	"1999-06-02T00:00:00Z"^^<http://www.w3.org/2001/XMLSchema#dateTime>	<http://www.wikidata.org/entity/Q164372>	"Mark Allen Shepherd"@en
<http://www.wikidata.org/entity/Q16290>	"Star Trek: The Next Generation"@en	"1987-09-28T00:00:00Z"^^<http://www.w3.org/2001/XMLSchema#dateTime>	"1994-05-23T00:00:00Z"^^<http://www.w3.org/2001/XMLSchema#dateTime>	<http://www.wikidata.org/entity/Q49001>	"Whoopi Goldberg"@en
<http://www.wikidata.org/entity/Q156329>	"Star Trek: Voyager"@en	"1995-01-16T00:00:00Z"^^<http://www.w3.org/2001/XMLSchema#dateTime>	"2001-05-23T00:00:00Z"^^<http://www.w3.org/2001/XMLSchema#dateTime>	<http://www.wikidata.org/entity/Q229013>	"Sarah Silverman"@en
<http://www.wikidata.org/entity/Q156329>	"Star Trek: Voyager"@en	"1995-01-16T00:00:00Z"^^<http://www.w3.org/2001/XMLSchema#dateTime>	"2001-05-23T00:00:00Z"^^<http://www.w3.org/2001/XMLSchema#dateTime>	<http://www.wikidata.org/entity/Q229784>	"Virginia Madsen"@en
<http://www.wikidata.org/entity/Q156329>	"Star Trek: Voyager"@en	"1995-01-16T00:00:00Z"^^<http://www.w3.org/2001/XMLSchema#dateTime>	"2001-05-23T00:00:00Z"^^<http://www.w3.org/2001/XMLSchema#dateTime>	<http://www.wikidata.org/entity/Q538129>	"Martha Hackett"@en
<http://www.wikidata.org/entity/Q156329>	"Star Trek: Voyager"@en	"1995-01-16T00:00:00Z"^^<http://www.w3.org/2001/XMLSchema#dateTime>	"2001-05-23T00:00:00Z"^^<http://www.w3.org/2001/XMLSchema#dateTime>	<http://www.wikidata.org/entity/Q508333>	"Robert Duncan McNeill"@en
<http://www.wikidata.org/entity/Q156329>	"Star Trek: Voyager"@en	"1995-01-16T00:00:00Z"^^<http://www.w3.org/2001/XMLSchema#dateTime>	"2001-05-23T00:00:00Z"^^<http://www.w3.org/2001/XMLSchema#dateTime>	<http://www.wikidata.org/entity/Q530646>	"Ray Wise"@en
<http://www.wikidata.org/entity/Q1077>	"Star Trek: The Original Series"@en	"1966-09-08T00:00:00Z"^^<http://www.w3.org/2001/XMLSchema#dateTime>	"1969-09-02T00:00:00Z"^^<http://www.w3.org/2001/XMLSchema#dateTime>	<http://www.wikidata.org/entity/Q16345>	"Leonard Nimoy"@en
<http://www.wikidata.org/entity/Q108774>	"Star Trek: Deep Space Nine"@en	"1993-01-03T00:00:00Z"^^<http://www.w3.org/2001/XMLSchema#dateTime>	"1999-06-02T00:00:00Z"^^<http://www.w3.org/2001/XMLSchema#dateTime>	<http://www.wikidata.org/entity/Q152542>	"William Sadler"@en
<http://www.wikidata.org/entity/Q156329>	"Star Trek: Voyager"@en	"1995-01-16T00:00:00Z"^^<http://www.w3.org/2001/XMLSchema#dateTime>	"2001-05-23T00:00:00Z"^^<http://www.w3.org/2001/XMLSchema#dateTime>	<http://www.wikidata.org/entity/Q551354>	"Garrett Wang"@en
<http://www.wikidata.org/entity/Q380519>	"Star Trek: Enterprise"@en	"2001-09-26T00:00:00Z"^^<http://www.w3.org/2001/XMLSchema#dateTime>	"2005-05-13T00:00:00Z"^^<http://www.w3.org/2001/XMLSchema#dateTime>	<http://www.wikidata.org/entity/Q713738>	"Dominic Keating"@en
<http://www.wikidata.org/entity/Q108774>	"Star Trek: Deep Space Nine"@en	"1993-01-03T00:00:00Z"^^<http://www.w3.org/2001/XMLSchema#dateTime>	"1999-06-02T00:00:00Z"^^<http://www.w3.org/2001/XMLSchema#dateTime>	<http://www.wikidata.org/entity/Q182372>	"Louise Fletcher"@en
<http://www.wikidata.org/entity/Q1077>	"Star Trek: The Original Series"@en	"1966-09-08T00:00:00Z"^^<http://www.w3.org/2001/XMLSchema#dateTime>	"1969-09-02T00:00:00Z"^^<http://www.w3.org/2001/XMLSchema#dateTime>	<http://www.wikidata.org/entity/Q16349>	"DeForest Kelley"@en
<http://www.wikidata.org/entity/Q156329>	"Star Trek: Voyager"@en	"1995-01-16T00:00:00Z"^^<http://www.w3.org/2001/XMLSchema#dateTime>	"2001-05-23T00:00:00Z"^^<http://www.w3.org/2001/XMLSchema#dateTime>	<http://www.wikidata.org/entity/Q16455>	"John Rhys-Davies"@en
<http://www.wikidata.org/entity/Q16290>	"Star Trek: The Next Generation"@en	"1987-09-28T00:00:00Z"^^<http://www.w3.org/2001/XMLSchema#dateTime>	"1994-05-23T00:00:00Z"^^<http://www.w3.org/2001/XMLSchema#dateTime>	<http://www.wikidata.org/entity/Q232945>	"Marina Sirtis"@en
<http://www.wikidata.org/entity/Q156329>	"Star Trek: Voyager"@en	"1995-01-16T00:00:00Z"^^<http://www.w3.org/2001/XMLSchema#dateTime>	"2001-05-23T00:00:00Z"^^<http://www.w3.org/2001/XMLSchema#dateTime>	<http://www.wikidata.org/entity/Q464425>	"Ed Begley, Jr."@en
<http://www.wikidata.org/entity/Q380519>	"Star Trek: Enterprise"@en	"2001-09-26T00:00:00Z"^^<http://www.w3.org/2001/XMLSchema#dateTime>	"2005-05-13T00:00:00Z"^^<http://www.w3.org/2001/XMLSchema#dateTime>	<http://www.wikidata.org/entity/Q453724>	"John Billingsley"@en
<http://www.wikidata.org/entity/Q156329>	"Star Trek: Voyager"@en	"1995-01-16T00:00:00Z"^^<http://www.w3.org/2001/XMLSchema#dateTime>	"2001-05-23T00:00:00Z"^^<http://www.w3.org/2001/XMLSchema#dateTime>	<http://www.wikidata.org/entity/Q230038>	"Kate Mulgrew"@en
<http://www.wikidata.org/entity/Q108774>	"Star Trek: Deep Space Nine"@en	"1993-01-03T00:00:00Z"^^<http://www.w3.org/2001/XMLSchema#dateTime>	"1999-06-02T00:00:00Z"^^<http://www.w3.org/2001/XMLSchema#dateTime>	<http://www.wikidata.org/entity/Q231576>	"Nana Visitor"@en
<http://www.wikidata.org/entity/Q156329>	"Star Trek: Voyager"@en	"1995-01-16T00:00:00Z"^^<http://www.w3.org/2001/XMLSchema#dateTime>	"2001-05-23T00:00:00Z"^^<http://www.w3.org/2001/XMLSchema#dateTime>	<http://www.wikidata.org/entity/Q1384181>	"Michael McKean"@en
<http://www.wikidata.org/entity/Q108774>	"Star Trek: Deep Space Nine"@en	"1993-01-03T00:00:00Z"^^<http://www.w3.org/2001/XMLSchema#dateTime>	"1999-06-02T00:00:00Z"^^<http://www.w3.org/2001/XMLSchema#dateTime>	<http://www.wikidata.org/entity/Q253561>	"Adrienne Barbeau"@en
<http://www.wikidata.org/entity/Q108774>	"Star Trek: Deep Space Nine"@en	"1993-01-03T00:00:00Z"^^<http://www.w3.org/2001/XMLSchema#dateTime>	"1999-06-02T00:00:00Z"^^<http://www.w3.org/2001/XMLSchema#dateTime>	<http://www.wikidata.org/entity/Q272166>	"Tracy Middendorf"@en
<http://www.wikidata.org/entity/Q156329>	"Star Trek: Voyager"@en	"1995-01-16T00:00:00Z"^^<http://www.w3.org/2001/XMLSchema#dateTime>	"2001-05-23T00:00:00Z"^^<http://www.w3.org/2001/XMLSchema#dateTime>	<http://www.wikidata.org/entity/Q272020>	"Jennifer Lien"@en
<http://www.wikidata.org/entity/Q16290>	"Star Trek: The Next Generation"@en	"1987-09-28T00:00:00Z"^^<http://www.w3.org/2001/XMLSchema#dateTime>	"1994-05-23T00:00:00Z"^^<http://www.w3.org/2001/XMLSchema#dateTime>	<http://www.wikidata.org/entity/Q269599>	"Diana Muldaur"@en
<http://www.wikidata.org/entity/Q16290>	"Star Trek: The Next Generation"@en	"1987-09-28T00:00:00Z"^^<http://www.w3.org/2001/XMLSchema#dateTime>	"1994-05-23T00:00:00Z"^^<http://www.w3.org/2001/XMLSchema#dateTime>	<http://www.wikidata.org/entity/Q234474>	"Denise Crosby"@en
<http://www.wikidata.org/entity/Q156329>	"Star Trek: Voyager"@en	"1995-01-16T00:00:00Z"^^<http://www.w3.org/2001/XMLSchema#dateTime>	"2001-05-23T00:00:00Z"^^<http://www.w3.org/2001/XMLSchema#dateTime>	<http://www.wikidata.org/entity/Q236809>	"Jeri Ryan"@en
<http://www.wikidata.org/entity/Q108774>	"Star Trek: Deep Space Nine"@en	"1993-01-03T00:00:00Z"^^<http://www.w3.org/2001/XMLSchema#dateTime>	"1999-06-02T00:00:00Z"^^<http://www.w3.org/2001/XMLSchema#dateTime>	<http://www.wikidata.org/entity/Q253578>	"Rosalind Chao"@en
<http://www.wikidata.org/entity/Q16290>	"Star Trek: The Next Generation"@en	"1987-09-28T00:00:00Z"^^<http://www.w3.org/2001/XMLSchema#dateTime>	"1994-05-23T00:00:00Z"^^<http://www.w3.org/2001/XMLSchema#dateTime>	<http://www.wikidata.org/entity/Q253578>	"Rosalind Chao"@en
<http://www.wikidata.org/entity/Q380519>	"Star Trek: Enterprise"@en	"2001-09-26T00:00:00Z"^^<http://www.w3.org/2001/XMLSchema#dateTime>	"2005-05-13T00:00:00Z"^^<http://www.w3.org/2001/XMLSchema#dateTime>	<http://www.wikidata.org/entity/Q552103>	"Connor Trinneer"@en
<http://www.wikidata.org/entity/Q156329>	"Star Trek: Voyager"@en	"1995-01-16T00:00:00Z"^^<http://www.w3.org/2001/XMLSchema#dateTime>	"2001-05-23T00:00:00Z"^^<http://www.w3.org/2001/XMLSchema#dateTime>	<http://www.wikidata.org/entity/Q692800>	"Ray Walston"@en
<http://www.wikidata.org/entity/Q1077>	"Star Trek: The Original Series"@en	"1966-09-08T00:00:00Z"^^<http://www.w3.org/2001/XMLSchema#dateTime>	"1969-09-02T00:00:00Z"^^<http://www.w3.org/2001/XMLSchema#dateTime>	<http://www.wikidata.org/entity/Q272214>	"Grace Lee Whitney"@en
<http://www.wikidata.org/entity/Q108774>	"Star Trek: Deep Space Nine"@en	"1993-01-03T00:00:00Z"^^<http://www.w3.org/2001/XMLSchema#dateTime>	"1999-06-02T00:00:00Z"^^<http://www.w3.org/2001/XMLSchema#dateTime>	<http://www.wikidata.org/entity/Q274883>	"Cecily Adams"@en
<http://www.wikidata.org/entity/Q108774>	"Star Trek: Deep Space Nine"@en	"1993-01-03T00:00:00Z"^^<http://www.w3.org/2001/XMLSchema#dateTime>	"1999-06-02T00:00:00Z"^^<http://www.w3.org/2001/XMLSchema#dateTime>	<http://www.wikidata.org/entity/Q232917>	"Majel Barrett"@en
<http://www.wikidata.org/entity/Q16290>	"Star Trek: The Next Generation"@en	"1987-09-28T00:00:00Z"^^<http://www.w3.org/2001/XMLSchema#dateTime>	"1994-05-23T00:00:00Z"^^<http://www.w3.org/2001/XMLSchema#dateTime>	<http://www.wikidata.org/entity/Q232917>	"Majel Barrett"@en
<http://www.wikidata.org/entity/Q1077>	"Star Trek: The Original Series"@en	"1966-09-08T00:00:00Z"^^<http://www.w3.org/2001/XMLSchema#dateTime>	"1969-09-02T00:00:00Z"^^<http://www.w3.org/2001/XMLSchema#dateTime>	<http://www.wikidata.org/entity/Q232917>	"Majel Barrett"@en
<http://www.wikidata.org/entity/Q16290>	"Star Trek: The Next Generation"@en	"1987-09-28T00:00:00Z"^^<http://www.w3.org/2001/XMLSchema#dateTime>	"1994-05-23T00:00:00Z"^^<http://www.w3.org/2001/XMLSchema#dateTime>	<http://www.wikidata.org/entity/Q253764>	"Gates McFadden"@en
<http://www.wikidata.org/entity/Q380519>	"Star Trek: Enterprise"@en	"2001-09-26T00:00:00Z"^^<http://www.w3.org/2001/XMLSchema#dateTime>	"2005-05-13T00:00:00Z"^^<http://www.w3.org/2001/XMLSchema#dateTime>	<http://www.wikidata.org/entity/Q550115>	"Anthony Montgomery"@en
<http://www.wikidata.org/entity/Q156329>	"Star Trek: Voyager"@en	"1995-01-16T00:00:00Z"^^<http://www.w3.org/2001/XMLSchema#dateTime>	"2001-05-23T00:00:00Z"^^<http://www.w3.org/2001/XMLSchema#dateTime>	<http://www.wikidata.org/entity/Q550778>	"John de Lancie"@en
<http://www.wikidata.org/entity/Q108774>	"Star Trek: Deep Space Nine"@en	"1993-01-03T00:00:00Z"^^<http://www.w3.org/2001/XMLSchema#dateTime>	"1999-06-02T00:00:00Z"^^<http://www.w3.org/2001/XMLSchema#dateTime>	<http://www.wikidata.org/entity/Q281621>	"John Glover"@en
<http://www.wikidata.org/entity/Q156329>	"Star Trek: Voyager"@en	"1995-01-16T00:00:00Z"^^<http://www.w3.org/2001/XMLSchema#dateTime>	"2001-05-23T00:00:00Z"^^<http://www.w3.org/2001/XMLSchema#dateTime>	<http://www.wikidata.org/entity/Q277099>	"Raphael Sbarge"@en
<http://www.wikidata.org/entity/Q156329>	"Star Trek: Voyager"@en	"1995-01-16T00:00:00Z"^^<http://www.w3.org/2001/XMLSchema#dateTime>	"2001-05-23T00:00:00Z"^^<http://www.w3.org/2001/XMLSchema#dateTime>	<http://www.wikidata.org/entity/Q253977>	"Roxann Dawson"@en
<http://www.wikidata.org/entity/Q156329>	"Star Trek: Voyager"@en	"1995-01-16T00:00:00Z"^^<http://www.w3.org/2001/XMLSchema#dateTime>	"2001-05-23T00:00:00Z"^^<http://www.w3.org/2001/XMLSchema#dateTime>	<http://www.wikidata.org/entity/Q2642039>	"Alexander Enberg"@en
<http://www.wikidata.org/entity/Q156329>	"Star Trek: Voyager"@en	"1995-01-16T00:00:00Z"^^<http://www.w3.org/2001/XMLSchema#dateTime>	"2001-05-23T00:00:00Z"^^<http://www.w3.org/2001/XMLSchema#dateTime>	<http://www.wikidata.org/entity/Q2571025>	"Gary Graham"@en
<http://www.wikidata.org/entity/Q156329>	"Star Trek: Voyager"@en	"1995-01-16T00:00:00Z"^^<http://www.w3.org/2001/XMLSchema#dateTime>	"2001-05-23T00:00:00Z"^^<http://www.w3.org/2001/XMLSchema#dateTime>	<http://www.wikidata.org/entity/Q1964497>	"Nancy Hower"@en
<http://www.wikidata.org/entity/Q156329>	"Star Trek: Voyager"@en	"1995-01-16T00:00:00Z"^^<http://www.w3.org/2001/XMLSchema#dateTime>	"2001-05-23T00:00:00Z"^^<http://www.w3.org/2001/XMLSchema#dateTime>	<http://www.wikidata.org/entity/Q1891371>	"Manu Intiraymi"@en
<http://www.wikidata.org/entity/Q108774>	"Star Trek: Deep Space Nine"@en	"1993-01-03T00:00:00Z"^^<http://www.w3.org/2001/XMLSchema#dateTime>	"1999-06-02T00:00:00Z"^^<http://www.w3.org/2001/XMLSchema#dateTime>	<http://www.wikidata.org/entity/Q313671>	"Colm Meaney"@en
<http://www.wikidata.org/entity/Q16290>	"Star Trek: The Next Generation"@en	"1987-09-28T00:00:00Z"^^<http://www.w3.org/2001/XMLSchema#dateTime>	"1994-05-23T00:00:00Z"^^<http://www.w3.org/2001/XMLSchema#dateTime>	<http://www.wikidata.org/entity/Q312570>	"LeVar Burton"@en
<http://www.wikidata.org/entity/Q16290>	"Star Trek: The Next Generation"@en	"1987-09-28T00:00:00Z"^^<http://www.w3.org/2001/XMLSchema#dateTime>	"1994-05-23T00:00:00Z"^^<http://www.w3.org/2001/XMLSchema#dateTime>	<http://www.wikidata.org/entity/Q313671>	"Colm Meaney"@en
<http://www.wikidata.org/entity/Q1077>	"Star Trek: The Original Series"@en	"1966-09-08T00:00:00Z"^^<http://www.w3.org/2001/XMLSchema#dateTime>	"1969-09-02T00:00:00Z"^^<http://www.w3.org/2001/XMLSchema#dateTime>	<http://www.wikidata.org/entity/Q254038>	"Nichelle Nichols"@en
<http://www.wikidata.org/entity/Q108774>	"Star Trek: Deep Space Nine"@en	"1993-01-03T00:00:00Z"^^<http://www.w3.org/2001/XMLSchema#dateTime>	"1999-06-02T00:00:00Z"^^<http://www.w3.org/2001/XMLSchema#dateTime>	<http://www.wikidata.org/entity/Q258612>	"Terry Farrell"@en
<http://www.wikidata.org/entity/Q16290>	"Star Trek: The Next Generation"@en	"1987-09-28T00:00:00Z"^^<http://www.w3.org/2001/XMLSchema#dateTime>	"1994-05-23T00:00:00Z"^^<http://www.w3.org/2001/XMLSchema#dateTime>	<http://www.wikidata.org/entity/Q239075>	"Michelle Forbes"@en
<http://www.wikidata.org/entity/Q108774>	"Star Trek: Deep Space Nine"@en	"1993-01-03T00:00:00Z"^^<http://www.w3.org/2001/XMLSchema#dateTime>	"1999-06-02T00:00:00Z"^^<http://www.w3.org/2001/XMLSchema#dateTime>	<http://www.wikidata.org/entity/Q238168>	"Nicole de Boer"@en
<http://www.wikidata.org/entity/Q156329>	"Star Trek: Voyager"@en	"1995-01-16T00:00:00Z"^^<http://www.w3.org/2001/XMLSchema#dateTime>	"2001-05-23T00:00:00Z"^^<http://www.w3.org/2001/XMLSchema#dateTime>	<http://www.wikidata.org/entity/Q297552>	"Tom Morello"@en
<http://www.wikidata.org/entity/Q156329>	"Star Trek: Voyager"@en	"1995-01-16T00:00:00Z"^^<http://www.w3.org/2001/XMLSchema#dateTime>	"2001-05-23T00:00:00Z"^^<http://www.w3.org/2001/XMLSchema#dateTime>	<http://www.wikidata.org/entity/Q329734>	"Brad Dourif"@en
<http://www.wikidata.org/entity/Q108774>	"Star Trek: Deep Space Nine"@en	"1993-01-03T00:00:00Z"^^<http://www.w3.org/2001/XMLSchema#dateTime>	"1999-06-02T00:00:00Z"^^<http://www.w3.org/2001/XMLSchema#dateTime>	<http://www.wikidata.org/entity/Q339902>	"James Sloyan"@en
<http://www.wikidata.org/entity/Q156329>	"Star Trek: Voyager"@en	"1995-01-16T00:00:00Z"^^<http://www.w3.org/2001/XMLSchema#dateTime>	"2001-05-23T00:00:00Z"^^<http://www.w3.org/2001/XMLSchema#dateTime>	<http://www.wikidata.org/entity/Q313789>	"Robert Picardo"@en
<http://www.wikidata.org/entity/Q156329>	"Star Trek: Voyager"@en	"1995-01-16T00:00:00Z"^^<http://www.w3.org/2001/XMLSchema#dateTime>	"2001-05-23T00:00:00Z"^^<http://www.w3.org/2001/XMLSchema#dateTime>	<http://www.wikidata.org/entity/Q266814>	"Sharon Lawrence"@en
<http://www.wikidata.org/entity/Q16290>	"Star Trek: The Next Generation"@en	"1987-09-28T00:00:00Z"^^<http://www.w3.org/2001/XMLSchema#dateTime>	"1994-05-23T00:00:00Z"^^<http://www.w3.org/2001/XMLSchema#dateTime>	<http://www.wikidata.org/entity/Q264699>	"Wil Wheaton"@en
<http://www.wikidata.org/entity/Q108774>	"Star Trek: Deep Space Nine"@en	"1993-01-03T00:00:00Z"^^<http://www.w3.org/2001/XMLSchema#dateTime>	"1999-06-02T00:00:00Z"^^<http://www.w3.org/2001/XMLSchema#dateTime>	<http://www.wikidata.org/entity/Q311068>	"Wallace Shawn"@en
<http://www.wikidata.org/entity/Q108774>	"Star Trek: Deep Space Nine"@en	"1993-01-03T00:00:00Z"^^<http://www.w3.org/2001/XMLSchema#dateTime>	"1999-06-02T00:00:00Z"^^<http://www.w3.org/2001/XMLSchema#dateTime>	<http://www.wikidata.org/entity/Q311165>	"Alexander Siddig"@en
<http://www.wikidata.org/entity/Q156329>	"Star Trek: Voyager"@en	"1995-01-16T00:00:00Z"^^<http://www.w3.org/2001/XMLSchema#dateTime>	"2001-05-23T00:00:00Z"^^<http://www.w3.org/2001/XMLSchema#dateTime>	<http://www.wikidata.org/entity/Q316641>	"Joel Grey"@en
<http://www.wikidata.org/entity/Q16290>	"Star Trek: The Next Generation"@en	"1987-09-28T00:00:00Z"^^<http://www.w3.org/2001/XMLSchema#dateTime>	"1994-05-23T00:00:00Z"^^<http://www.w3.org/2001/XMLSchema#dateTime>	<http://www.wikidata.org/entity/Q346595>	"Jonathan Frakes"@en
<http://www.wikidata.org/entity/Q108774>	"Star Trek: Deep Space Nine"@en	"1993-01-03T00:00:00Z"^^<http://www.w3.org/2001/XMLSchema#dateTime>	"1999-06-02T00:00:00Z"^^<http://www.w3.org/2001/XMLSchema#dateTime>	<http://www.wikidata.org/entity/Q348445>	"René Auberjonois"@en
<http://www.wikidata.org/entity/Q156329>	"Star Trek: Voyager"@en	"1995-01-16T00:00:00Z"^^<http://www.w3.org/2001/XMLSchema#dateTime>	"2001-05-23T00:00:00Z"^^<http://www.w3.org/2001/XMLSchema#dateTime>	<http://www.wikidata.org/entity/Q6288759>	"Josh Clark"@en
<http://www.wikidata.org/entity/Q108774>	"Star Trek: Deep Space Nine"@en	"1993-01-03T00:00:00Z"^^<http://www.w3.org/2001/XMLSchema#dateTime>	"1999-06-02T00:00:00Z"^^<http://www.w3.org/2001/XMLSchema#dateTime>	<http://www.wikidata.org/entity/Q316955>	"Michael Dorn"@en
<http://www.wikidata.org/entity/Q16290>	"Star Trek: The Next Generation"@en	"1987-09-28T00:00:00Z"^^<http://www.w3.org/2001/XMLSchema#dateTime>	"1994-05-23T00:00:00Z"^^<http://www.w3.org/2001/XMLSchema#dateTime>	<http://www.wikidata.org/entity/Q316955>	"Michael Dorn"@en
<http://www.wikidata.org/entity/Q108774>	"Star Trek: Deep Space Nine"@en	"1993-01-03T00:00:00Z"^^<http://www.w3.org/2001/XMLSchema#dateTime>	"1999-06-02T00:00:00Z"^^<http://www.w3.org/2001/XMLSchema#dateTime>	<http://www.wikidata.org/entity/Q432742>	"Melanie Smith"@en
<http://www.wikidata.org/entity/Q108774>	"Star Trek: Deep Space Nine"@en	"1993-01-03T00:00:00Z"^^<http://www.w3.org/2001/XMLSchema#dateTime>	"1999-06-02T00:00:00Z"^^<http://www.w3.org/2001/XMLSchema#dateTime>	<http://www.wikidata.org/entity/Q442309>	"Andrea Martin"@en
<http://www.wikidata.org/entity/Q16290>	"Star Trek: The Next Generation"@en	"1987-09-28T00:00:00Z"^^<http://www.w3.org/2001/XMLSchema#dateTime>	"1994-05-23T00:00:00Z"^^<http://www.w3.org/2001/XMLSchema#dateTime>	<http://www.wikidata.org/entity/Q311453>	"Brent Spiner"@en
<http://www.wikidata.org/entity/Q156329>	"Star Trek: Voyager"@en	"1995-01-16T00:00:00Z"^^<http://www.w3.org/2001/XMLSchema#dateTime>	"2001-05-23T00:00:00Z"^^<http://www.w3.org/2001/XMLSchema#dateTime>	<http://www.wikidata.org/entity/Q311754>	"Jason Alexander"@en
<http://www.wikidata.org/entity/Q16290>	"Star Trek: The Next Generation"@en	"1987-09-28T00:00:00Z"^^<http://www.w3.org/2001/XMLSchema#dateTime>	"1994-05-23T00:00:00Z"^^<http://www.w3.org/2001/XMLSchema#dateTime>	<http://www.wikidata.org/entity/Q355344>	"Dwight Schultz"@en
<http://www.wikidata.org/entity/Q108774>	"Star Trek: Deep Space Nine"@en	"1993-01-03T00:00:00Z"^^<http://www.w3.org/2001/XMLSchema#dateTime>	"1999-06-02T00:00:00Z"^^<http://www.w3.org/2001/XMLSchema#dateTime>	<http://www.wikidata.org/entity/Q353101>	"Armin Shimerman"@en
<http://www.wikidata.org/entity/Q108774>	"Star Trek: Deep Space Nine"@en	"1993-01-03T00:00:00Z"^^<http://www.w3.org/2001/XMLSchema#dateTime>	"1999-06-02T00:00:00Z"^^<http://www.w3.org/2001/XMLSchema#dateTime>	<http://www.wikidata.org/entity/Q239328>	"Penny Johnson Jerald"@en
<http://www.wikidata.org/entity/Q156329>	"Star Trek: Voyager"@en	"1995-01-16T00:00:00Z"^^<http://www.w3.org/2001/XMLSchema#dateTime>	"2001-05-23T00:00:00Z"^^<http://www.w3.org/2001/XMLSchema#dateTime>	<http://www.wikidata.org/entity/Q249865>	"John Savage"@en
<http://www.wikidata.org/entity/Q156329>	"Star Trek: Voyager"@en	"1995-01-16T00:00:00Z"^^<http://www.w3.org/2001/XMLSchema#dateTime>	"2001-05-23T00:00:00Z"^^<http://www.w3.org/2001/XMLSchema#dateTime>	<http://www.wikidata.org/entity/Q317228>	"Kurtwood Smith"@en
<http://www.wikidata.org/entity/Q1077>	"Star Trek: The Original Series"@en	"1966-09-08T00:00:00Z"^^<http://www.w3.org/2001/XMLSchema#dateTime>	"1969-09-02T00:00:00Z"^^<http://www.w3.org/2001/XMLSchema#dateTime>	<http://www.wikidata.org/entity/Q318412>	"James Doohan"@en
<http://www.wikidata.org/entity/Q108774>	"Star Trek: Deep Space Nine"@en	"1993-01-03T00:00:00Z"^^<http://www.w3.org/2001/XMLSchema#dateTime>	"1999-06-02T00:00:00Z"^^<http://www.w3.org/2001/XMLSchema#dateTime>	<http://www.wikidata.org/entity/Q452288>	"Jeffrey Combs"@en
<http://www.wikidata.org/entity/Q108774>	"Star Trek: Deep Space Nine"@en	"1993-01-03T00:00:00Z"^^<http://www.w3.org/2001/XMLSchema#dateTime>	"1999-06-02T00:00:00Z"^^<http://www.w3.org/2001/XMLSchema#dateTime>	<http://www.wikidata.org/entity/Q322750>	"Aron Eisenberg"@en
<http://www.wikidata.org/entity/Q156329>	"Star Trek: Voyager"@en	"1995-01-16T00:00:00Z"^^<http://www.w3.org/2001/XMLSchema#dateTime>	"2001-05-23T00:00:00Z"^^<http://www.w3.org/2001/XMLSchema#dateTime>	<http://www.wikidata.org/entity/Q324114>	"Scott Thompson"@en
<http://www.wikidata.org/entity/Q108774>	"Star Trek: Deep Space Nine"@en	"1993-01-03T00:00:00Z"^^<http://www.w3.org/2001/XMLSchema#dateTime>	"1999-06-02T00:00:00Z"^^<http://www.w3.org/2001/XMLSchema#dateTime>	<http://www.wikidata.org/entity/Q926194>	"Marc Alaimo"@en
<http://www.wikidata.org/entity/Q108774>	"Star Trek: Deep Space Nine"@en	"1993-01-03T00:00:00Z"^^<http://www.w3.org/2001/XMLSchema#dateTime>	"1999-06-02T00:00:00Z"^^<http://www.w3.org/2001/XMLSchema#dateTime>	<http://www.wikidata.org/entity/Q976754>	"Duncan Regehr"@en
<http://www.wikidata.org/entity/Q108774>	"Star Trek: Deep Space Nine"@en	"1993-01-03T00:00:00Z"^^<http://www.w3.org/2001/XMLSchema#dateTime>	"1999-06-02T00:00:00Z"^^<http://www.w3.org/2001/XMLSchema#dateTime>	<http://www.wikidata.org/entity/Q809051>	"Barry Jenner"@en
<http://www.wikidata.org/entity/Q108774>	"Star Trek: Deep Space Nine"@en	"1993-01-03T00:00:00Z"^^<http://www.w3.org/2001/XMLSchema#dateTime>	"1999-06-02T00:00:00Z"^^<http://www.w3.org/2001/XMLSchema#dateTime>	<http://www.wikidata.org/entity/Q544756>	"Casey Biggs"@en
<http://www.wikidata.org/entity/Q16290>	"Star Trek: The Next Generation"@en	"1987-09-28T00:00:00Z"^^<http://www.w3.org/2001/XMLSchema#dateTime>	"1994-05-23T00:00:00Z"^^<http://www.w3.org/2001/XMLSchema#dateTime>	<http://www.wikidata.org/entity/Q467709>	"Patti Yasutake"@en
<http://www.wikidata.org/entity/Q108774>	"Star Trek: Deep Space Nine"@en	"1993-01-03T00:00:00Z"^^<http://www.w3.org/2001/XMLSchema#dateTime>	"1999-06-02T00:00:00Z"^^<http://www.w3.org/2001/XMLSchema#dateTime>	<http://www.wikidata.org/entity/Q506958>	"Andrew Robinson"@en
<http://www.wikidata.org/entity/Q108774>	"Star Trek: Deep Space Nine"@en	"1993-01-03T00:00:00Z"^^<http://www.w3.org/2001/XMLSchema#dateTime>	"1999-06-02T00:00:00Z"^^<http://www.w3.org/2001/XMLSchema#dateTime>	<http://www.wikidata.org/entity/Q366012>	"Avery Brooks"@en
<http://www.wikidata.org/entity/Q1077>	"Star Trek: The Original Series"@en	"1966-09-08T00:00:00Z"^^<http://www.w3.org/2001/XMLSchema#dateTime>	"1969-09-02T00:00:00Z"^^<http://www.w3.org/2001/XMLSchema#dateTime>	<http://www.wikidata.org/entity/Q376176>	"Walter Koenig"@en
<http://www.wikidata.org/entity/Q16290>	"Star Trek: The Next Generation"@en	"1987-09-28T00:00:00Z"^^<http://www.w3.org/2001/XMLSchema#dateTime>	"1994-05-23T00:00:00Z"^^<http://www.w3.org/2001/XMLSchema#dateTime>	<http://www.wikidata.org/entity/Q550778>	"John de Lancie"@en
<http://www.wikidata.org/entity/Q108774>	"Star Trek: Deep Space Nine"@en	"1993-01-03T00:00:00Z"^^<http://www.w3.org/2001/XMLSchema#dateTime>	"1999-06-02T00:00:00Z"^^<http://www.w3.org/2001/XMLSchema#dateTime>	<http://www.wikidata.org/entity/Q1093124>	"Cirroc Lofton"@en
<http://www.wikidata.org/entity/Q108774>	"Star Trek: Deep Space Nine"@en	"1993-01-03T00:00:00Z"^^<http://www.w3.org/2001/XMLSchema#dateTime>	"1999-06-02T00:00:00Z"^^<http://www.w3.org/2001/XMLSchema#dateTime>	<http://www.wikidata.org/entity/Q580587>	"Brock Peters"@en
<http://www.wikidata.org/entity/Q108774>	"Star Trek: Deep Space Nine"@en	"1993-01-03T00:00:00Z"^^<http://www.w3.org/2001/XMLSchema#dateTime>	"1999-06-02T00:00:00Z"^^<http://www.w3.org/2001/XMLSchema#dateTime>	<http://www.wikidata.org/entity/Q708097>	"Paul Dooley"@en
<http://www.wikidata.org/entity/Q16290>	"Star Trek: The Next Generation"@en	"1987-09-28T00:00:00Z"^^<http://www.w3.org/2001/XMLSchema#dateTime>	"1994-05-23T00:00:00Z"^^<http://www.w3.org/2001/XMLSchema#dateTime>	<http://www.wikidata.org/entity/Q1396070>	"Suzie Plakson"@en
<http://www.wikidata.org/entity/Q108774>	"Star Trek: Deep Space Nine"@en	"1993-01-03T00:00:00Z"^^<http://www.w3.org/2001/XMLSchema#dateTime>	"1999-06-02T00:00:00Z"^^<http://www.w3.org/2001/XMLSchema#dateTime>	<http://www.wikidata.org/entity/Q1345794>	"James Darren"@en
<http://www.wikidata.org/entity/Q108774>	"Star Trek: Deep Space Nine"@en	"1993-01-03T00:00:00Z"^^<http://www.w3.org/2001/XMLSchema#dateTime>	"1999-06-02T00:00:00Z"^^<http://www.w3.org/2001/XMLSchema#dateTime>	<http://www.wikidata.org/entity/Q1396278>	"Chase Masterson"@en
<http://www.wikidata.org/entity/Q108774>	"Star Trek: Deep Space Nine"@en	"1993-01-03T00:00:00Z"^^<http://www.w3.org/2001/XMLSchema#dateTime>	"1999-06-02T00:00:00Z"^^<http://www.w3.org/2001/XMLSchema#dateTime>	<http://www.wikidata.org/entity/Q716247>	"Max Grodénchik"@en
<http://www.wikidata.org/entity/Q16290>	"Star Trek: The Next Generation"@en	"1987-09-28T00:00:00Z"^^<http://www.w3.org/2001/XMLSchema#dateTime>	"1994-05-23T00:00:00Z"^^<http://www.w3.org/2001/XMLSchema#dateTime>	<http://www.wikidata.org/entity/Q708777>	"Brian Bonsall"@en
<http://www.wikidata.org/entity/Q108774>	"Star Trek: Deep Space Nine"@en	"1993-01-03T00:00:00Z"^^<http://www.w3.org/2001/XMLSchema#dateTime>	"1999-06-02T00:00:00Z"^^<http://www.w3.org/2001/XMLSchema#dateTime>	<http://www.wikidata.org/entity/Q743723>	"Leigh McCloskey"@en
<http://www.wikidata.org/entity/Q108774>	"Star Trek: Deep Space Nine"@en	"1993-01-03T00:00:00Z"^^<http://www.w3.org/2001/XMLSchema#dateTime>	"1999-06-02T00:00:00Z"^^<http://www.w3.org/2001/XMLSchema#dateTime>	<http://www.wikidata.org/entity/Q1738645>	"Kenneth Marshall"@en
<http://www.wikidata.org/entity/Q108774>	"Star Trek: Deep Space Nine"@en	"1993-01-03T00:00:00Z"^^<http://www.w3.org/2001/XMLSchema#dateTime>	"1999-06-02T00:00:00Z"^^<http://www.w3.org/2001/XMLSchema#dateTime>	<http://www.wikidata.org/entity/Q1494853>	"Gary Frank"@en
<http://www.wikidata.org/entity/Q108774>	"Star Trek: Deep Space Nine"@en	"1993-01-03T00:00:00Z"^^<http://www.w3.org/2001/XMLSchema#dateTime>	"1999-06-02T00:00:00Z"^^<http://www.w3.org/2001/XMLSchema#dateTime>	<http://www.wikidata.org/entity/Q1504763>	"J. G. Hertzler"@en
<http://www.wikidata.org/entity/Q108774>	"Star Trek: Deep Space Nine"@en	"1993-01-03T00:00:00Z"^^<http://www.w3.org/2001/XMLSchema#dateTime>	"1999-06-02T00:00:00Z"^^<http://www.w3.org/2001/XMLSchema#dateTime>	<http://www.wikidata.org/entity/Q2086035>	"Philip Anglim"@en
<http://www.wikidata.org/entity/Q108774>	"Star Trek: Deep Space Nine"@en	"1993-01-03T00:00:00Z"^^<http://www.w3.org/2001/XMLSchema#dateTime>	"1999-06-02T00:00:00Z"^^<http://www.w3.org/2001/XMLSchema#dateTime>	<http://www.wikidata.org/entity/Q2251648>	"Jeff McBride"@en
<http://www.wikidata.org/entity/Q108774>	"Star Trek: Deep Space Nine"@en	"1993-01-03T00:00:00Z"^^<http://www.w3.org/2001/XMLSchema#dateTime>	"1999-06-02T00:00:00Z"^^<http://www.w3.org/2001/XMLSchema#dateTime>	<http://www.wikidata.org/entity/Q2158428>	"Robert O'Reilly"@en
<http://www.wikidata.org/entity/Q108774>	"Star Trek: Deep Space Nine"@en	"1993-01-03T00:00:00Z"^^<http://www.w3.org/2001/XMLSchema#dateTime>	"1999-06-02T00:00:00Z"^^<http://www.w3.org/2001/XMLSchema#dateTime>	<http://www.wikidata.org/entity/Q2597610>	"Cyia Batten"@en
<http://www.wikidata.org/entity/Q16290>	"Star Trek: The Next Generation"@en	"1987-09-28T00:00:00Z"^^<http://www.w3.org/2001/XMLSchema#dateTime>	"1994-05-23T00:00:00Z"^^<http://www.w3.org/2001/XMLSchema#dateTime>	<http://www.wikidata.org/entity/Q2158428>	"Robert O'Reilly"@en
<http://www.wikidata.org/entity/Q108774>	"Star Trek: Deep Space Nine"@en	"1993-01-03T00:00:00Z"^^<http://www.w3.org/2001/XMLSchema#dateTime>	"1999-06-02T00:00:00Z"^^<http://www.w3.org/2001/XMLSchema#dateTime>	<http://www.wikidata.org/entity/Q2935069>	"Camille Saviola"@en
<http://www.wikidata.org/entity/Q1077>	"Star Trek: The Original Series"@en	"1966-09-08T00:00:00Z"^^<http://www.w3.org/2001/XMLSchema#dateTime>	"1969-09-02T00:00:00Z"^^<http://www.w3.org/2001/XMLSchema#dateTime>	<http://www.wikidata.org/entity/Q3370585>	"Paul Baxley"@en
<http://www.wikidata.org/entity/Q1077>	"Star Trek: The Original Series"@en	"1966-09-08T00:00:00Z"^^<http://www.w3.org/2001/XMLSchema#dateTime>	"1969-09-02T00:00:00Z"^^<http://www.w3.org/2001/XMLSchema#dateTime>	<http://www.wikidata.org/entity/Q2736038>	"John Winston"@en
<http://www.wikidata.org/entity/Q108774>	"Star Trek: Deep Space Nine"@en	"1993-01-03T00:00:00Z"^^<http://www.w3.org/2001/XMLSchema#dateTime>	"1999-06-02T00:00:00Z"^^<http://www.w3.org/2001/XMLSchema#dateTime>	<http://www.wikidata.org/entity/Q7405616>	"Salome Jens"@en
<http://www.wikidata.org/entity/Q108774>	"Star Trek: Deep Space Nine"@en	"1993-01-03T00:00:00Z"^^<http://www.w3.org/2001/XMLSchema#dateTime>	"1999-06-02T00:00:00Z"^^<http://www.w3.org/2001/XMLSchema#dateTime>	<http://www.wikidata.org/entity/Q13341430>	"Hana Hatae"@en
<http://www.wikidata.org/entity/Q108774>	"Star Trek: Deep Space Nine"@en	"1993-01-03T00:00:00Z"^^<http://www.w3.org/2001/XMLSchema#dateTime>	"1999-06-02T00:00:00Z"^^<http://www.w3.org/2001/XMLSchema#dateTime>	<http://www.wikidata.org/entity/Q6307836>	"Julianna McCarthy"@en
<http://www.wikidata.org/entity/Q1077>	"Star Trek: The Original Series"@en	"1966-09-08T00:00:00Z"^^<http://www.w3.org/2001/XMLSchema#dateTime>	"1969-09-02T00:00:00Z"^^<http://www.w3.org/2001/XMLSchema#dateTime>	<http://www.wikidata.org/entity/Q5336388>	"Eddie Paskey"@en
<http://www.wikidata.org/entity/Q502062>	"Star Trek: Phase II"@en				
<http://www.wikidata.org/entity/Q21296543>	"Star Trek: Discovery"@en				
<http://www.wikidata.org/entity/Q62573569>	"Star Trek: Lower Decks"@en				
<http://www.wikidata.org/entity/Q65250765>	"Star Trek: Prodigy"@en				
<http://www.wikidata.org/entity/Q106948764>	"Star Trek: Section 31"@en				
<http://www.wikidata.org/entity/Q56816581>	"Star Trek: Short Treks"@en				
<http://www.wikidata.org/entity/Q62573305>	"Star Trek: Picard"@en				
<http://www.wikidata.org/entity/Q94527193>	"Star Trek: Strange New Worlds"@en				
<http://www.wikidata.org/entity/Q20922>	"Star Trek: The Animated Series"@en				
